UKPRN,PROVIDER_NAME,ALIAS_TEXT,FLAT_NAME_NUMBER,BUILDING_NAME_NUMBER,STREET_NAME,LOCALITY,TOWN,COUNTY,POSTCODE,WEBSITE_ADDRESS,,Latitude,Longitude,Easting,Northing
10000291,ANGLIA RUSKIN UNIVERSITY,,,,BISHOP HALL LANE,,CHELMSFORD,,CM1 1SQ,www.anglia.ac.uk,,51.741259,0.474285,570928,207625
10000385,"ARTS UNIVERSITY BOURNEMOUTH, THE",,,7,FERN BARROW,,POOLE,DORSET,BH12 5HH,www.aub.ac.uk,,50.741796,-1.897709,407314,93581
10000571,BATH SPA UNIVERSITY,,,NEWTON PARK,,NEWTON ST. LOE,BATH,,BA2 9BN,www.bathspa.ac.uk,,51.375939,-2.437936,369615,164189
10000712,UNIVERSITY COLLEGE BIRMINGHAM,,,,SUMMER ROW,,BIRMINGHAM,,B3 1JB,www.ucb.ac.uk,,52.481843,-1.905939,406485,287106
10000824,BOURNEMOUTH UNIVERSITY,,POOLE HOUSE,TALBOT CAMPUS,FERN BARROW,,POOLE,DORSET,BH12 5BB,www.bournemouth.ac.uk,,50.742982,-1.897168,407352,93713
10000886,UNIVERSITY OF BRIGHTON,,,MITHRAS HOUSE,LEWES ROAD,,BRIGHTON,,BN2 4AT,www.brighton.ac.uk,,50.842028,-0.119513,532496,106407
10000961,BRUNEL UNIVERSITY,Brunel University London,,,KINGSTON LANE,,UXBRIDGE,MIDDLESEX,UB8 3PH,www.brunel.ac.uk,,51.532848,-0.472855,506024,182654
10000975,BUCKINGHAMSHIRE NEW UNIVERSITY,,,HIGH WYCOMBE CAMPUS,QUEEN ALEXANDRA ROAD,,HIGH WYCOMBE,BUCKINGHAMSHIRE,HP11 2JZ,www.bucks.ac.uk,,51.627854,-0.752537,486445,192852
10001143,CANTERBURY CHRIST CHURCH UNIVERSITY,,,,ST. GEORGES PLACE,,CANTERBURY,KENT,CT1 1UT,www.canterbury.ac.uk,,51.27585,1.085424,615297,157489
10001282,NORTHUMBRIA UNIVERSITY NEWCASTLE,,,ELLISON BUILDING,ELLISON ROAD,,Newcastle Upon Tyne,,NE1 8ST,www.northumbria.ac.uk,,54.976765,-1.607498,425221,564754
10001478,THE CITY UNIVERSITY,City University London,,,NORTHAMPTON SQUARE,,LONDON,,EC1V 0HB,www.city.ac.uk,,51.52779,-0.102322,531738,182693
10001653,THE CONSERVATOIRE FOR DANCE AND DRAMA,,,TAVISTOCK HOUSE,TAVISTOCK SQUARE,,LONDON,,WC1H 9JJ,www.cdd.ac.uk,,51.526206,-0.129115,529884,182469
10001726,COVENTRY UNIVERSITY,,,,PRIORY STREET,,COVENTRY,,CV1 5FB,www.coventry.ac.uk,,52.405317,-1.500063,434108,278707
10001883,DE MONTFORT UNIVERSITY,,,,THE GATEWAY,,LEICESTER,,LE1 9BH,www.dmu.ac.uk,,52.629469,-1.138036,458439,303872
10002681,GLASGOW SCHOOL OF ART.,,,167,RENFREW STREET,,GLASGOW,,G3 6RQ,www.gsa.ac.uk,,55.865964,-4.263406,258456,665959
10002718,GOLDSMITHS' COLLEGE,"Goldsmiths, University of London",,GOLDSMITHS COLLEGE 8,LEWISHAM WAY,,LONDON,,SE14 6NW,www.gold.ac.uk,,51.474144,-0.035401,536540,176850
10003270,"IMPERIAL COLLEGE OF SCIENCE, TECHNOLOGY AND MEDICINE",Imperial College London,,FACULTY BUILDING,EXHIBITION ROAD,,LONDON,,SW7 2AZ,www.imperial.ac.uk,,51.500505,-0.178219,526549,179525
10003324,INSTITUTE OF CANCER RESEARCH: ROYAL CANCER HOSPITAL (THE),,,123,OLD BROMPTON ROAD,,LONDON,,SW7 3RP,www.icr.ac.uk,,51.490712,-0.181692,526335,178430
10003614,UNIVERSITY OF WINCHESTER,,,,SPARKFORD ROAD,,WINCHESTER,HAMPSHIRE,SO22 4NR,www.winchester.ac.uk,,51.060009,-1.326056,447327,129179
10003645,KING'S COLLEGE LONDON,,,,STRAND,,LONDON,,WC2R 2LS,www.kcl.ac.uk,,51.510733,-0.116938,530773,180770
10003678,KINGSTON UNIVERSITY,,,RIVER HOUSE 53-57,HIGH STREET,,KINGSTON UPON THAMES,SURREY,KT1 1LQ,www.kingston.ac.uk,,51.406309,-0.307846,517794,168834
10003854,LEEDS COLLEGE OF ART,,,,BLENHEIM WALK,,LEEDS,,LS2 9AQ,www.leeds-art.ac.uk,,53.808449,-1.551775,429614,434777
10003861,LEEDS METROPOLITAN UNIVERSITY,Leeds Metropolitan University,,CITY CAMPUS,,,LEEDS,,LS1 3HE,www.leedsmet.ac.uk,,53.803649,-1.549139,429791,434244
10003863,LEEDS TRINITY UNIVERSITY,,,,BROWNBERRIE LANE,HORSFORTH,LEEDS,,LS18 5HD,www.leedstrinity.ac.uk,,53.84856,-1.648096,423249,439204
10003945,THE LIVERPOOL INSTITUTE FOR PERFORMING ARTS,LIPA,,,Mount Street,,Liverpool,,L1 9HF,www.lipa.ac.uk,,53.399661,-2.972272,335451,389644
10003956,LIVERPOOL HOPE UNIVERSITY,,,HOPE PARK,TAGGART AVENUE,,LIVERPOOL,,L16 9JD,www.hope.ac.uk,,53.39148,-2.891936,340781,388664
10003957,LIVERPOOL JOHN MOORES UNIVERSITY,,,RODNEY HOUSE 70,MOUNT PLEASANT,,LIVERPOOL,,L3 5UX,www.ljmu.ac.uk,,53.40369,-2.973176,335397,390093
10004048,LONDON METROPOLITAN UNIVERSITY,,,166-220,HOLLOWAY ROAD,,LONDON,,N7 8DB,www.londonmet.ac.uk,,51.551819,-0.110236,531120,185351
10004063,LONDON SCHOOL OF ECONOMICS & POLITICAL SCIENCE,,,,HOUGHTON STREET,,LONDON,,WC2A 2AE,www.lse.ac.uk,,51.513967,-0.116732,530778,181130
10004078,LONDON SOUTH BANK UNIVERSITY,,,103,BOROUGH ROAD,,LONDON,,SE1 0AA,www.lsbu.ac.uk,,51.498409,-0.101655,531869,179427
10004113,LOUGHBOROUGH UNIVERSITY,,,,,,LOUGHBOROUGH,LEICESTERSHIRE,LE11 3TU,www.lboro.ac.uk,,52.764875,-1.229474,452089,318864
10004180,MANCHESTER METROPOLITAN UNIVERSITY,,,ALL SAINTS,GROSVENOR SQUARE,,MANCHESTER,,M15 6BH,www.mmu.ac.uk,,53.47092,-2.239116,384225,397158
10004351,MIDDLESEX UNIVERSITY,,,,THE BURROUGHS,,LONDON,,NW4 4BT,www.mdx.ac.uk,,51.589714,-0.228441,522823,189360
10004775,NORWICH UNIVERSITY OF THE ARTS,,,3,REDWELL STREET,,NORWICH,,NR2 4SN,www.nua.ac.uk,,52.63048,1.297375,623244,308741
10004797,NOTTINGHAM TRENT UNIVERSITY,,,,BURTON STREET,,NOTTINGHAM,,NG1 4BU,www.ntu.ac.uk,,52.956365,-1.152004,457065,340224
10004930,OXFORD BROOKES UNIVERSITY,,,,GIPSY LANE,HEADINGTON,OXFORD,,OX3 0BP,www.brookes.ac.uk,,51.754382,-1.223201,453717,206473
10005337,"QUEEN MARGARET UNIVERSITY, EDINBURGH",,,,QUEEN MARGARET UNIVERSITY DRIVE,,MUSSELBURGH,,EH21 6UU,www.qmu.ac.uk,,55.931763,-3.073999,332997,671487
10005343,QUEEN'S UNIVERSITY OF BELFAST,,,,UNIVERSITY ROAD,,BELFAST,,BT7 1NN,www.qub.ac.uk,,54.583326,-5.935209,145825,528024
10005389,RAVENSBOURNE,,,6,PENROSE WAY,,LONDON,,SE10 0EW,www.rave.ac.uk,,51.501571,0.005531,539299,179977
10005500,THE ROBERT GORDON UNIVERSITY,,,CENTRAL SERVICES BUILDING,GARTHDEE ROAD,,ABERDEEN,,AB10 7FY,www.rgu.ac.uk,,57.118097,-2.143666,391399,803026
10005523,ROSE BRUFORD COLLEGE,,,,Lamorbey Park Burnt Oak Lane,,Sidcup,Kent,DA15 9DF,www.bruford.ac.uk,,51.439004,0.106779,546526,173217
10005545,ROYAL AGRICULTURAL UNIVERSITY,,,,Stroud Road,,Cirencester,Gloucestershire,GL7 6JS,www.rac.ac.uk,,51.709493,-1.995003,400442,201195
10005553,ROYAL HOLLOWAY COLLEGE AND BEDFORD NEW COLLEGE,"Royal Holloway, University of London",,,EGHAM HILL,,EGHAM,,TW20 0EX,www.rhul.ac.uk,,51.425324,-0.567218,499713,170564
10005561,ROYAL CONSERVATOIRE OF SCOTLAND,,,100,RENFREW STREET,,GLASGOW,,G2 3DB,www.rcs.ac.uk,,55.866151,-4.257648,258817,665968
10005700,SRUC,Scotland's Rural College,,,KING'S BUILDINGS WEST MAINS ROAD,,EDINBURGH,,EH9 3JG,www.sruc.ac.uk,,55.921616,-3.176533,326572,670462
10005790,SHEFFIELD HALLAM UNIVERSITY,,,CITY CAMPUS,POND STREET,,SHEFFIELD,,S1 1WB,www.shu.ac.uk,,53.379197,-1.465256,435670,387060
10006022,SOUTHAMPTON SOLENT UNIVERSITY,,,,EAST PARK TERRACE,,SOUTHAMPTON,,SO14 0YN,www.solent.ac.uk,,50.90775,-1.400166,442271,112202
10006299,STAFFORDSHIRE UNIVERSITY,,,,COLLEGE ROAD,,STOKE-ON-TRENT,,ST4 2DE,www.staffs.ac.uk,,53.010083,-2.182606,387845,345879
10006427,UNIVERSITY FOR THE CREATIVE ARTS,,,,FALKNER ROAD,,FARNHAM,SURREY,GU9 7DS,www.ucreative.ac.uk,,51.216659,-0.805347,483535,147062
10006566,UNIVERSITY OF WEST LONDON,,,,ST. MARYS ROAD,,LONDON,,W5 5RF,www.uwl.ac.uk,,51.506609,-0.303412,517844,179995
10006840,UNIVERSITY OF BIRMINGHAM,,,,,EDGBASTON,BIRMINGHAM,,B15 2TT,www.birmingham.ac.uk,,52.451411,-1.930047,404851,283719
10006841,UNIVERSITY OF BOLTON,,,,DEANE ROAD,,BOLTON,,BL3 5AB,www.bolton.ac.uk,,53.573515,-2.436239,371210,408634
10006842,UNIVERSITY OF LIVERPOOL,,PO Box 147,,,,LIVERPOOL,,L69 3BX,www.liv.ac.uk,,53.380119,-2.97339,335347,387471
10007114,UNIVERSITY OF THE HIGHLANDS AND ISLANDS,,,12b,Ness Walk,,Inverness,,IV3 5SQ,www.uhi.ac.uk,,57.469698,-4.230799,266305,844355
10007137,THE UNIVERSITY OF CHICHESTER,,,BISHOP OTTER CAMPUS,COLLEGE LANE,,CHICHESTER,WEST SUSSEX,PO19 6PE,www.chi.ac.uk,,50.84427,-0.774428,486383,105687
10007138,"UNIVERSITY OF NORTHAMPTON,THE",,,,BOUGHTON GREEN ROAD,,NORTHAMPTON,,NN2 7AL,www.northampton.ac.uk,,52.271993,-0.883088,476309,264347
10007139,"UNIVERSITY OF WORCESTER, THE",University of Worcester,,,HENWICK GROVE,,WORCESTER,,WR2 6AJ,www.worc.ac.uk,,52.197558,-2.243043,383485,255508
10007140,BIRMINGHAM CITY UNIVERSITY,,,,FRANCHISE STREET,PERRY BARR,BIRMINGHAM,,B42 2SU,www.bcu.ac.uk,,52.517274,-1.897287,407067,291048
10007141,UNIVERSITY OF CENTRAL LANCASHIRE,,,,,,PRESTON,,PR1 2HE,www.uclan.ac.uk,,53.761193,-2.706806,353501,429658
10007143,UNIVERSITY OF DURHAM,Durham University,,PALATINE CENTRE,STOCKTON ROAD,,DURHAM,,DH1 3LE,www.dur.ac.uk,,54.768141,-1.571858,427644,541552
10007144,UNIVERSITY OF EAST LONDON,,,EAST BUILDING 4,UNIVERSITY WAY,,LONDON,,E16 2RD,www.uel.ac.uk,,51.507395,0.06477,543392,180739
10007145,UNIVERSITY OF GLOUCESTERSHIRE,,,,The Park,,Cheltenham,Gloucestershire,GL50 2RH,www.glos.ac.uk,,51.8875,-2.088788,393986,220997
10007146,UNIVERSITY OF GREENWICH,,,30,Park Row,,London,,SE10 9LS,www.greenwich.ac.uk,,51.484493,-0.003917,538695,178060
10007147,UNIVERSITY OF HERTFORDSHIRE,,,,COLLEGE LANE,,HATFIELD,HERTFORDSHIRE,AL10 9AB,www.herts.ac.uk,,51.752877,-0.242173,521435,207482
10007148,UNIVERSITY OF HUDDERSFIELD,,,,QUEENSGATE,,HUDDERSFIELD,,HD1 3DH,www.hud.ac.uk,,53.643718,-1.777711,414793,416379
10007149,UNIVERSITY OF HULL,,,,COTTINGHAM ROAD,,HULL,,HU6 7RX,www.hull.ac.uk,,53.769641,-0.367165,507718,431603
10007150,UNIVERSITY OF KENT,,,THE REGISTRY,,,CANTERBURY,KENT,CT2 7NZ,www.kent.ac.uk,,51.298485,1.070888,614178,159963
10007151,UNIVERSITY OF LINCOLN,,,,CAMPUS WAY,,LINCOLN,,LN6 7TS,www.lincoln.ac.uk,,53.228537,-0.548423,496998,371149
10007152,UNIVERSITY OF BEDFORDSHIRE,,,,UNIVERSITY SQUARE,,LUTON,,LU1 3JU,www.beds.ac.uk,,51.877862,-0.411407,509451,221114
10007154,"UNIVERSITY OF NOTTINGHAM, THE",,,,UNIVERSITY PARK,,NOTTINGHAM,,NG7 2RD,www.nottingham.ac.uk,,52.938186,-1.19438,454241,338169
10007155,UNIVERSITY OF PORTSMOUTH,,,UNIVERSITY HOUSE,WINSTON CHURCHILL AVENUE,,PORTSMOUTH,,PO1 2UP,www.port.ac.uk,,50.795279,-1.093584,463980,99915
10007156,"UNIVERSITY OF SALFORD, THE",,,FARADAY HOUSE 43,CRESCENT,,SALFORD,,M5 4WT,www.salford.ac.uk,,53.483545,-2.270667,382136,398570
10007157,UNIVERSITY OF SHEFFIELD,,,,WESTERN BANK,,SHEFFIELD,,S10 2TN,www.shef.ac.uk,,53.38196,-1.488673,434110,387356
10007158,UNIVERSITY OF SOUTHAMPTON,,,,UNIVERSITY ROAD,,SOUTHAMPTON,,SO17 1BJ,www.soton.ac.uk,,50.934191,-1.395685,442562,115145
10007159,UNIVERSITY OF SUNDERLAND,,,,CHESTER ROAD,,SUNDERLAND,,SR1 3SD,www.sunderland.ac.uk,,54.904496,-1.391347,439126,556811
10007160,UNIVERSITY OF SURREY,,,,,,GUILDFORD,SURREY,GU2 7XH,www.surrey.ac.uk,,51.242573,-0.587946,498663,150213
10007161,TEESSIDE UNIVERSITY,,,,BOROUGH ROAD,,MIDDLESBROUGH,CLEVELAND,TS1 3BA,www.tees.ac.uk,,54.572078,-1.234694,449574,519920
10007162,"UNIVERSITY OF THE ARTS, LONDON",University of the Arts London,,272,HIGH HOLBORN,,LONDON,,WC1V 7EY,www.arts.ac.uk,,51.517837,-0.116429,530788,181561
10007163,UNIVERSITY OF WARWICK,,,UNIVERSITY HOUSE,GIBBET HILL ROAD,,COVENTRY,,CV4 7AL,www.warwick.ac.uk,,52.380709,-1.560869,429988,275943
10007164,"UNIVERSITY OF THE WEST OF ENGLAND, BRISTOL",UWE,,FRENCHAY CAMPUS,COLDHARBOUR LANE,,BRISTOL,,BS16 1QY,www.uwe.ac.uk,,51.500211,-2.547491,362093,178061
10007165,THE UNIVERSITY OF WESTMINSTER,,,309,REGENT STREET,,LONDON,,W1B 2HW,www.westminster.ac.uk,,51.516792,-0.143367,528922,181397
10007166,UNIVERSITY OF WOLVERHAMPTON,,,,WULFRUNA STREET,,WOLVERHAMPTON,,WV1 1LY,www.wlv.ac.uk,,52.588296,-2.128166,391414,298951
10007167,UNIVERSITY OF YORK,,,,,HESLINGTON,YORK,,YO10 5DD,www.york.ac.uk,,53.948421,-1.053545,462215,450672
10007657,WRITTLE COLLEGE,,,,LORDSHIP ROAD,WRITTLE,CHELMSFORD,,CM1 3RR,www.writtle.ac.uk,,51.736998,0.428108,567756,207044
10007713,YORK ST JOHN UNIVERSITY,,,,LORD MAYORS WALK,,YORK,,YO31 7EX,www.yorksj.ac.uk,,53.965247,-1.080281,460436,452521
10007759,ASTON UNIVERSITY,,,,THE ASTON TRIANGLE,,BIRMINGHAM,,B4 7ET,www.aston.ac.uk,,52.48664,-1.890952,407502,287641
10007760,BIRKBECK COLLEGE,"Birkbeck, University Of London",,BIRKBECK COLLEGE,MALET STREET,,LONDON,,WC1E 7HX,www.bbk.ac.uk,,51.524256,-0.132612,529647,182246
10007761,COURTAULD INSTITUTE OF ART,,,SOMERSET HOUSE,STRAND,,LONDON,,WC2R 0RN,www.courtauld.ac.uk,,51.510733,-0.116938,530773,180770
10007762,GLASGOW CALEDONIAN UNIVERSITY,,,CITY CAMPUS 70,COWCADDENS ROAD,,GLASGOW,,G4 0BA,www.gcu.ac.uk,,55.866173,-4.250568,259260,665956
10007764,HERIOT-WATT UNIVERSITY,,,,,RICCARTON,CURRIE,MIDLOTHIAN,EH14 4AS,www.hw.ac.uk,,55.909408,-3.3207,317537,669266
10007765,HEYTHROP COLLEGE,,,23,KENSINGTON SQUARE,,LONDON,,W8 5HN,www.heythrop.ac.uk,,51.499883,-0.190908,525670,179434
10007766,"INSTITUTE OF EDUCATION, UNIVERSITY OF LONDON",,,20,BEDFORD WAY,,LONDON,,WC1H 0AL,www.ioe.ac.uk,,51.523471,-0.128507,529934,182166
10007767,UNIVERSITY OF KEELE,Keele University,,,,KEELE,NEWCASTLE,,ST5 5BG,www.keele.ac.uk,,53.003265,-2.273581,381738,345140
10007768,UNIVERSITY OF LANCASTER,Lancaster University,,UNIVERSITY HOUSE,,BAILRIGG,LANCASTER,,LA1 4YW,www.lancs.ac.uk,,54.010473,-2.78691,348528,457448
10007769,LONDON BUSINESS SCHOOL,,,,SUSSEX PLACE,,LONDON,,NW1 4SA,www.london.edu,,51.526581,-0.161378,527645,182454
10007771,LONDON SCHOOL OF HYGIENE AND TROPICAL MEDICINE,,,,KEPPEL STREET,,LONDON,,WC1E 7HT,www.lshtm.ac.uk,,51.520925,-0.130687,529790,181879
10007772,EDINBURGH NAPIER UNIVERSITY,,,SIGHTHILL CAMPUS 9,SIGHTHILL COURT,,EDINBURGH,,EH11 4BN,www.napier.ac.uk,,55.924082,-3.288471,319582,670861
10007773,OPEN UNIVERSITY(THE),,,,,WALTON HALL,MILTON KEYNES,,MK7 6AA,www.open.ac.uk,,52.024915,-0.709747,488625,237063
10007774,UNIVERSITY OF OXFORD,Oxford University,,UNIVERSITY OFFICES,WELLINGTON SQUARE,,OXFORD,,OX1 2JD,www.ox.ac.uk,,51.757641,-1.262886,450974,206807
10007775,QUEEN MARY UNIVERSITY OF LONDON,,,327,MILE END ROAD,,LONDON,,E1 4NS,www.qmul.ac.uk,,51.523744,-0.041109,535996,182355
10007776,ROEHAMPTON UNIVERSITY,,,ERASMUS HOUSE,ROEHAMPTON LANE,,LONDON,,SW15 5PJ,www.roehampton.ac.uk,,51.455119,-0.246006,521965,174363
10007777,ROYAL COLLEGE OF ART(THE),,,,KENSINGTON GORE,,LONDON,,SW7 2EU,www.rca.ac.uk,,51.501354,-0.178473,526529,179619
10007778,ROYAL COLLEGE OF MUSIC,,,,PRINCE CONSORT ROAD,,LONDON,,SW7 2BS,www.rcm.ac.uk,,51.49928,-0.176913,526643,179391
10007779,THE ROYAL VETERINARY COLLEGE,,,,ROYAL COLLEGE STREET,,LONDON,,NW1 0TU,www.rvc.ac.uk,,51.53686,-0.133524,529548,183646
10007780,SCHOOL OF ORIENTAL AND AFRICAN STUDIES,,,10,THORNHAUGH STREET,,LONDON,,WC1H 0XG,www.soas.ac.uk,,51.52235,-0.129259,529885,182040
10007781,SCHOOL OF PHARMACY UNIVERSITY OF LONDON(THE),,,29-39,BRUNSWICK SQUARE,,LONDON,,WC1N 1AX,www.pharmacy.ac.uk,,51.525083,-0.122458,530349,182356
10007782,"ST. GEORGE'S, UNIVERSITY OF LONDON",,,,CRANMER TERRACE,,LONDON,,SW17 0RE,www.sgul.ac.uk,,51.426728,-0.175746,526925,171325
10007783,UNIVERSITY OF ABERDEEN,,,,REGENT WALK,,ABERDEEN,,AB24 3FX,www.abdn.ac.uk,,57.165022,-2.099123,394104,808245
10007784,UNIVERSITY COLLEGE LONDON,,,,GOWER STREET,,LONDON,,WC1E 6BT,www.ucl.ac.uk,,51.524773,-0.133427,529589,182302
10007785,UNIVERSITY OF BRADFORD,,,,RICHMOND ROAD,,BRADFORD,WEST YORKSHIRE,BD7 1DP,www.bradford.ac.uk,,53.791704,-1.76213,415768,432847
10007786,UNIVERSITY OF BRISTOL,,,SENATE HOUSE,TYNDALL AVENUE,,BRISTOL,,BS8 1TH,www.bristol.ac.uk,,51.45907,-2.603291,358182,173516
10007787,THE UNIVERSITY OF BUCKINGHAM,,,YEOMANRY HOUSE,HUNTER STREET,,BUCKINGHAM,,MK18 1EG,www.buckingham.ac.uk,,51.996009,-0.991839,469315,233542
10007788,UNIVERSITY OF CAMBRIDGE,,,THE OLD SCHOOL,TRINITY LANE,,CAMBRIDGE,,CB2 1TN,www.cam.ac.uk,,52.205303,0.116613,544734,258453
10007789,UNIVERSITY OF EAST ANGLIA,,,NORWICH RESEARCH PARK,EARLHAM ROAD,,NORWICH,,NR4 7TJ,www.uea.ac.uk,,52.622367,1.241391,619497,307667
10007790,UNIVERSITY OF EDINBURGH,,,Sep-15,CHAMBERS STREET,,EDINBURGH,,EH1 1HT,www.ed.ac.uk,,55.948013,-3.18811,325899,673412
10007791,UNIVERSITY OF ESSEX,,,,WIVENHOE PARK,,COLCHESTER,,CO4 3SQ,www.essex.ac.uk,,51.876556,0.945028,602815,223876
10007792,UNIVERSITY OF EXETER,,,,STOCKER ROAD,,EXETER,,EX4 4PY,www.exeter.ac.uk,,50.735216,-3.534356,291819,93967
10007793,UNIVERSITY OF SOUTH WALES/PRIFYSGOL DE CYMRU,,,,,TREFOREST,PONTYPRIDD,MID GLAMORGAN,CF37 1DL,www.southwales.ac.uk,,51.587668,-3.326985,308163,188480
10007794,UNIVERSITY OF GLASGOW,,,,UNIVERSITY AVENUE,,GLASGOW,,G12 8QQ,www.gla.ac.uk,,55.871758,-4.288361,256916,666655
10007795,UNIVERSITY OF LEEDS,,,,WOODHOUSE LANE,,LEEDS,,LS2 9JT,www.leeds.ac.uk,,53.80848,-1.552792,429547,434780
10007796,UNIVERSITY OF LEICESTER,,,,UNIVERSITY ROAD,,LEICESTER,,LE1 7RH,www.le.ac.uk,,52.621921,-1.123811,459412,303044
10007797,UNIVERSITY OF LONDON,,,SENATE HOUSE,MALET STREET,,LONDON,,WC1E 7HU,www.lon.ac.uk,,51.520997,-0.127844,529987,181892
10007798,THE UNIVERSITY OF MANCHESTER,,,,OXFORD ROAD,,MANCHESTER,,M13 9PL,www.manchester.ac.uk,,53.46793,-2.233224,384615,396824
10007799,NEWCASTLE UNIVERSITY,,,,CLAREMONT ROAD,,NEWCASTLE UPON TYNE,,NE1 7RU,www.ncl.ac.uk,,54.980323,-1.615714,424693,565147
10007800,UNIVERSITY OF THE WEST OF SCOTLAND,,,,HIGH STREET,,PAISLEY,RENFREWSHIRE,PA1 2BE,www.uws.ac.uk,,55.843681,-4.428496,248040,663830
10007801,PLYMOUTH UNIVERSITY,,,,DRAKE CIRCUS,,PLYMOUTH,,PL4 8AA,www.plymouth.ac.uk,,50.374845,-4.140458,247894,54962
10007802,UNIVERSITY OF READING,,,WHITEKNIGHTS HOUSE,,WHITEKNIGHTS,READING,,RG6 6UR,www.reading.ac.uk,,51.440565,-0.947108,473277,171811
10007803,UNIVERSITY OF ST ANDREWS,,,COLLEGE GATE,NORTH STREET,,ST. ANDREWS,,KY16 9AJ,www.st-andrews.ac.uk,,56.341218,-2.793012,351076,716822
10007804,UNIVERSITY OF STIRLING,,,,,,STIRLING,,FK9 4LA,www.stir.ac.uk,,56.149219,-3.926795,280397,696841
10007805,UNIVERSITY OF STRATHCLYDE,,,MCCANCE BUILDING 16,RICHMOND STREET,,GLASGOW,,G1 1XQ,www.strath.ac.uk,,55.861375,-4.244602,259616,665410
10007806,UNIVERSITY OF SUSSEX,,,SUSSEX HOUSE,SOUTHERN RING ROAD,FALMER,BRIGHTON,,BN1 9RH,www.sussex.ac.uk,,50.86447,-0.087076,534715,108961
10007807,UNIVERSITY OF ULSTER,,,,CROMORE ROAD,,COLERAINE,COUNTY LONDONDERRY,BT52 1SA,www.ulster.ac.uk,,55.14764,-6.671629,102465,593666
10007811,BISHOP GROSSETESTE UNIVERSITY,,,,LONGDALES ROAD,,LINCOLN,,LN1 3DY,www.bishopg.ac.uk,,53.243492,-0.534939,497864,372831
10007814,CARDIFF UNIVERSITY,,,,PARK PLACE,,CARDIFF,,CF10 3AT,www.cardiff.ac.uk,,51.489071,-3.179812,318182,177340
10007816,THE ROYAL CENTRAL SCHOOL OF SPEECH AND DRAMA,,,EMBASSY THEATRE 62-64,ETON AVENUE,,LONDON,,NW3 3HY,www.cssd.ac.uk,,51.544335,-0.174205,526706,184406
10007822,CRANFIELD UNIVERSITY,,,,COLLEGE ROAD,CRANFIELD,BEDFORD,,MK43 0AL,www.cranfield.ac.uk,,52.073919,-0.628756,494079,242615
10007823,EDGE HILL UNIVERSITY,,,,ST. HELENS ROAD,,ORMSKIRK,LANCASHIRE,L39 4QP,www.edgehill.ac.uk,,53.559895,-2.873374,342245,407385
10007825,GUILDHALL SCHOOL OF MUSIC & DRAMA,,,,SILK STREET BARBICAN,,LONDON,,EC2Y 8DT,www.gsmd.ac.uk,,51.5195,-0.092433,532448,181789
10007832,NEWMAN UNIVERSITY,,,,GENNERS LANE,,BIRMINGHAM,,B32 3NT,www.newman.ac.uk,,52.434125,-1.995029,400435,281794
10007833,GLYNDWR UNIVERSITY,,,PLAS COCH,MOLD ROAD,,WREXHAM,CLWYD,LL11 2AW,www.glyndwr.ac.uk,,53.052968,-3.00564,332690,351107
10007835,ROYAL ACADEMY OF MUSIC,,,,MARYLEBONE ROAD,,LONDON,,NW1 5HT,www.ram.ac.uk,,51.523612,-0.152156,528293,182140
10007837,ROYAL NORTHERN COLLEGE OF MUSIC,,,124,OXFORD ROAD,,MANCHESTER,,M13 9RD,www.rncm.ac.uk,,53.46857,-2.236948,384368,396896
10007838,ROYAL WELSH COLLEGE OF MUSIC AND DRAMA LIMITED,,,,NORTH ROAD,,CARDIFF,,CF10 3ER,www.rwcmd.ac.uk,,51.48599,-3.183909,317892,177002
10007842,THE UNIVERSITY OF CUMBRIA,,,,FUSEHILL STREET,,CARLISLE,,CA1 2HH,www.cumbria.ac.uk,,54.891122,-2.921479,340992,555542
10007843,"ST MARY'S UNIVERSITY, TWICKENHAM",,,,WALDEGRAVE ROAD,,TWICKENHAM,,TW1 4SX,www.smuc.ac.uk,,51.437439,-0.335313,515805,172252
10007846,SWANSEA METROPOLITAN UNIVERSITY,,,MOUNT PLEASANT CAMPUS,MOUNT PLEASANT,,SWANSEA,WEST GLAMORGAN,SA1 6ED,www.smu.ac.uk,,51.62466,-3.949429,265153,193560
10007848,UNIVERSITY OF CHESTER,,,,PARKGATE ROAD,,CHESTER,,CH1 4BJ,www.chester.ac.uk,,53.198646,-2.898062,340104,367217
10007849,UNIVERSITY OF ABERTAY DUNDEE,,,KYDD BUILDING 40,BELL STREET,,DUNDEE,,DD1 1HG,www.abertay.ac.uk,,56.463158,-2.974378,340057,730538
10007850,UNIVERSITY OF BATH (THE),University Of Bath,,,,CLAVERTON DOWN,BATH,,BA2 7AY,www.bath.ac.uk,,51.380445,-2.330673,377083,164651
10007851,UNIVERSITY OF DERBY,,,,KEDLESTON ROAD,,DERBY,,DE22 1GB,www.derby.ac.uk,,52.93853,-1.496681,433924,338022
10007852,UNIVERSITY OF DUNDEE,,,,PERTH ROAD,,DUNDEE,,DD1 4HN,www.dundee.ac.uk,,56.457214,-2.978477,339795,729880
10007854,CARDIFF METROPOLITAN UNIVERSITY,,PO BOX 377,,,LLANDAFF,CARDIFF,,CF5 2SG,www.cardiffmet.ac.uk,,51.48356,-3.223609,315131,176777
10007855,SWANSEA UNIVERSITY,,,,SINGLETON PARK,,SWANSEA,WEST GLAMORGAN,SA2 8PP,www.swan.ac.uk,,51.609624,-3.980631,262948,191946
10007856,PRIFYSGOL ABERYSTWYTH,Aberystwyth University,PO BOX 2,,,,ABERYSTWYTH,DYFED,SY23 2AX,www.aber.ac.uk,,52.403479,-4.043585,261072,280350
10007857,BANGOR UNIVERSITY,,,,COLLEGE ROAD,,BANGOR,GWYNEDD,LL57 2DG,www.bangor.ac.uk,,53.229226,-4.129499,257949,372359
10007858,UNIVERSITY OF WALES: TRINITY SAINT DAVID,,,,COLLEGE ROAD,,CARMARTHEN,,SA31 3EP,www.trinitysaintdavid.ac.uk,,51.858377,-4.3287,239732,220318
10008010,STRANMILLIS UNIVERSITY COLLEGE,,,,STRANMILLIS ROAD,,BELFAST,,BT9 5DY,www.stran.ac.uk,,54.573831,-5.933214,145894,526961
10008017,TRINITY LABAN CONSERVATOIRE OF MUSIC AND DANCE LTD,Trinity Laban Conservatoire Of Music and Dance,,KING CHARLES COURT,OLD ROYAL NAVAL COLLEGE KING WILLIAM WALK,,LONDON,,SE10 9JF,www.trinitylaban.ac.uk,,51.483596,-0.007197,538470,177954
10008026,ST MARY'S UNIVERSITY COLLEGE,,,191,FALLS ROAD,,BELFAST,,BT12 6FE,www.stmarys-belfast.ac.uk,,54.593168,-5.961324,144200,529213
10008574,UNIVERSITY OF WALES PRIFYSGOL CYMRU,,,,KING EDWARD VII AVENUE,,CARDIFF,,CF10 3NS,www.wales.ac.uk,,51.485543,-3.181031,318091,176949
10008640,FALMOUTH UNIVERSITY,,,Woodlane Campus,Woodlane,,Falmouth,Cornwall,TR11 4RH,www.falmouth.ac.uk,,50.149189,-5.070856,180711,32196
10008816,NORTHERN SCHOOL OF CONTEMPORARY DANCE,,,98,CHAPELTOWN ROAD,,LEEDS,,LS7 4BH,www.nscd.ac.uk,,53.813232,-1.533287,430828,435317
10014001,UNIVERSITY CAMPUS SUFFOLK LTD,,,WATERFRONT BUILDING 19-21,NEPTUNE QUAY,,IPSWICH,,IP4 1QJ,www.ucs.ac.uk,,52.05242,1.163359,616989,244060
10034449,LEEDS COLLEGE OF MUSIC,,,3,QUARRY HILL,,LEEDS,,LS2 7PD,www.lcm.ac.uk,,53.798233,-1.531252,430973,433649
10040812,HARPER ADAMS UNIVERSITY,,,,,Edgmond,Newport,,TF10 8NB,www.harper-adams.ac.uk,,52.780008,-2.425381,371404,320354
10003958,LIVERPOOL SCHOOL OF TROPICAL MEDICINE,,,,,,,,L3 5QA,,,53.408563,-2.969135,335673,390632
